{"time/model_init_s":0.8905192390084267,"_timestamp":1.7734549668272858e+09,"_wandb":{"runtime":1},"_runtime":1,"_step":0}