{"eval/mAP":68.70351496851079,"eval/gallery_num":14640,"time/model_init_s":1.0710526070033666,"eval/recall@5":83.83392226148409,"eval/recall@10":88.4827738515901,"_runtime":227,"eval/recall@1":57.87323321554771,"time/data_loading_s":1.0819138930091867,"eval/query_num":9056,"time/eval/gallery_infer_s":68.31848279299447,"time/eval/metrics_s":7.32270648200938,"_timestamp":1.7734569005028045e+09,"_step":4,"time/eval/query_extract_s":145.5490295720083,"time/eval/overall_s":221.5796473229857,"_wandb":{"runtime":227},"time/eval/score_concat_s":0.11795110399543773}