{
  "count": 67414,
  "ratio_ge_30": 0.0,
  "ratio_ge_50": 0.0,
  "quantiles": {
    "5": 0.31824493408142646,
    "25": 1.5815525054932027,
    "50": 3.365821838378923,
    "75": 5.769906997680653,
    "90": 8.255495452880865,
    "95": 9.816322326660158,
    "99": 12.8476333618164
  }
}