{"eval/recall@5":83.83392226148409,"eval/recall@1":57.87323321554771,"eval/mAP":68.70351496851079,"_wandb":{"runtime":41180},"time/eval/metrics_s":41001.191013909,"time/eval/query_extract_s":35.2450458809908,"_timestamp":1.7734991086033287e+09,"_step":4,"eval/gallery_num":14640,"time/data_loading_s":0.7772904120065505,"time/eval/overall_s":41178.169089117,"_runtime":41180,"time/eval/score_concat_s":0.14157028100453317,"eval/query_num":9056,"eval/recall@10":88.4827738515901,"time/eval/gallery_infer_s":55.817305978009244,"time/model_init_s":0.4667290409997804}