{"time/eval_gta/model_initialization_s":0.8243810370040592,"time/eval/gallery_infer_s":68.56754842400551,"time/eval/score_concat_s":0.049592531999223866,"time/eval/query_extract_s":55.59494499198627,"eval/recall@1":91.11240197502178,"time/eval_gta/evaluation_s":127.43129675400269,"_runtime":131,"time/eval_gta/data_loading_s":0.47201829600089695,"_timestamp":1.7734125344760737e+09,"eval/query_num":3443,"_step":4,"eval/recall@5":99.39006680220737,"eval/recall@10":99.535288992158,"eval/mAP":94.81381999386592,"time/eval/metrics_s":3.013224150010501,"_wandb":{"runtime":131},"eval/gallery_num":14640}