{"time/eval_gta/model_initialization_s":0.4782512770034373,"eval/gallery_num":14640,"_runtime":15405,"time/eval/metrics_s":15332.494494972998,"time/eval_gta/data_loading_s":0.26865021100093145,"time/eval/query_extract_s":14.345494299996062,"_wandb":{"runtime":15405},"eval/recall@10":99.535288992158,"time/eval/score_concat_s":0.05951276900304947,"eval/recall@1":91.11240197502178,"time/eval/gallery_infer_s":54.36752320099913,"time/eval_gta/evaluation_s":15404.174593783013,"eval/query_num":3443,"_timestamp":1.773428765528217e+09,"_step":4,"eval/mAP":94.81381999386592,"eval/recall@5":99.39006680220737}